[{"model": "sql_testapp.artist", "pk": 1, "fields": {"name": "U2", "type": 1, "genre": "Rock"}}, {"model": "sql_testapp.artist", "pk": 2, "fields": {"name": "Bob Dylan", "type": 0, "genre": "Folk"}}, {"model": "sql_testapp.artist", "pk": 3, "fields": {"name": "Metallica", "type": 1, "genre": "Heavy Metal"}}, {"model": "sql_testapp.artist", "pk": 4, "fields": {"name": "Bruce Springsteen", "type": 0, "genre": "Rock"}}, {"model": "sql_testapp.artist", "pk": 5, "fields": {"name": "Led Zeppelin", "type": 1, "genre": "Hard Rock"}}, {"model": "sql_testapp.artist", "pk": 6, "fields": {"name": "Bob Marley", "type": 0, "genre": "Raggae"}}, {"model": "sql_testapp.artist", "pk": 7, "fields": {"name": "The Clash", "type": 1, "genre": "Punk"}}, {"model": "sql_testapp.artist", "pk": 8, "fields": {"name": "The Ramones", "type": 1, "genre": "Punk"}}, {"model": "sql_testapp.artist", "pk": 9, "fields": {"name": "Oasis", "type": 1, "genre": "Rock N' Roll"}}, {"model": "sql_testapp.artist", "pk": 10, "fields": {"name": "Thin Lizzy", "type": 1, "genre": "Hard Rock"}}, {"model": "sql_testapp.artist", "pk": 11, "fields": {"name": "Thin Lizzy", "type": 1, "genre": "Hard Rock"}}, {"model": "sql_testapp.artist", "pk": 12, "fields": {"name": "Oasis", "type": 1, "genre": "Rock N' Roll"}}, {"model": "sql_testapp.track", "pk": 1, "fields": {"artist": 1, "album": "The Joshua Tree", "name": "With Or Without You", "release_date": "1987-03-09"}}, {"model": "sql_testapp.track", "pk": 2, "fields": {"artist": 1, "album": "The Joshua Tree", "name": "Where The Streets Have No Name", "release_date": "1987-03-09"}}, {"model": "sql_testapp.track", "pk": 3, "fields": {"artist": 1, "album": "The Joshua Tree", "name": "I Still Haven't Found What I'm Looking For", "release_date": "1987-03-09"}}, {"model": "sql_testapp.track", "pk": 4, "fields": {"artist": 1, "album": "The Joshua Tree", "name": "Running To Stand Still", "release_date": "1987-03-09"}}, {"model": "sql_testapp.track", "pk": 5, "fields": {"artist": 1, "album": "The Joshua Tree", "name": "In God's Country", "release_date": "1987-03-09"}}, {"model": "sql_testapp.track", "pk": 6, "fields": {"artist": 1, "album": "The Joshua Tree", "name": "Trip Through Your Wire", "release_date": "1987-03-09"}}, {"model": "sql_testapp.track", "pk": 7, "fields": {"artist": 1, "album": "The Joshua Tree", "name": "Exit", "release_date": "1987-03-09"}}, {"model": "sql_testapp.track", "pk": 8, "fields": {"artist": 1, "album": "The Joshua Tree", "name": "One Tree Hill", "release_date": "1987-03-09"}}, {"model": "sql_testapp.track", "pk": 9, "fields": {"artist": 1, "album": "The Joshua Tree", "name": "Bullet The Blue Sky", "release_date": "1987-03-09"}}, {"model": "sql_testapp.track", "pk": 10, "fields": {"artist": 1, "album": "The Joshua Tree", "name": "Red Hill Mining Town", "release_date": "1987-03-09"}}, {"model": "sql_testapp.track", "pk": 11, "fields": {"artist": 1, "album": "The Joshua Tree", "name": "Mothers Of The Disappeared", "release_date": "1987-03-09"}}, {"model": "sql_testapp.track", "pk": 12, "fields": {"artist": 1, "album": "Achtung Baby", "name": "Zoo Station", "release_date": "1991-11-19"}}, {"model": "sql_testapp.track", "pk": 13, "fields": {"artist": 1, "album": "Achtung Baby", "name": "Even Better Than The Real Thing", "release_date": "1991-11-19"}}, {"model": "sql_testapp.track", "pk": 14, "fields": {"artist": 1, "album": "Achtung Baby", "name": "One", "release_date": "1991-11-19"}}, {"model": "sql_testapp.track", "pk": 15, "fields": {"artist": 1, "album": "Achtung Baby", "name": "Until The End Of The World", "release_date": "1991-11-19"}}, {"model": "sql_testapp.track", "pk": 16, "fields": {"artist": 1, "album": "Achtung Baby", "name": "Who's Gonna Ride Your Wild Horses", "release_date": "1991-11-19"}}, {"model": "sql_testapp.track", "pk": 17, "fields": {"artist": 1, "album": "Achtung Baby", "name": "So Cruel", "release_date": "1991-11-19"}}, {"model": "sql_testapp.track", "pk": 18, "fields": {"artist": 2, "album": "Highway 61 Revisited", "name": "Like A Rolling Stone", "release_date": "1965-08-30"}}, {"model": "sql_testapp.track", "pk": 19, "fields": {"artist": 2, "album": "Highway 61 Revisited", "name": "Tombstone Blues", "release_date": "1965-08-30"}}, {"model": "sql_testapp.track", "pk": 20, "fields": {"artist": 2, "album": "Highway 61 Revisited", "name": "It Takes a Lot to Laugh, It Takes a Train to Cry", "release_date": "1965-08-30"}}, {"model": "sql_testapp.track", "pk": 21, "fields": {"artist": 2, "album": "Highway 61 Revisited", "name": "From a Buick 6", "release_date": "1965-08-30"}}, {"model": "sql_testapp.track", "pk": 22, "fields": {"artist": 2, "album": "Highway 61 Revisited", "name": "Ballad Of A Thin Man", "release_date": "1965-08-30"}}, {"model": "sql_testapp.track", "pk": 23, "fields": {"artist": 2, "album": "Highway 61 Revisited", "name": "Queen Jane Approximately", "release_date": "1965-08-30"}}, {"model": "sql_testapp.track", "pk": 24, "fields": {"artist": 2, "album": "Highway 61 Revisited", "name": "Highway 61 Revisited", "release_date": "1965-08-30"}}, {"model": "sql_testapp.track", "pk": 25, "fields": {"artist": 2, "album": "Highway 61 Revisited", "name": "Just Like Tom Thumb's Blues", "release_date": "1965-08-30"}}, {"model": "sql_testapp.track", "pk": 26, "fields": {"artist": 2, "album": "Highway 61 Revisited", "name": "Desolation Row", "release_date": "1965-08-30"}}, {"model": "sql_testapp.track", "pk": 27, "fields": {"artist": 3, "album": "...And Justice For All", "name": "Blackened", "release_date": "1988-08-25"}}, {"model": "sql_testapp.track", "pk": 28, "fields": {"artist": 3, "album": "...And Justice For All", "name": "...And Justice For All", "release_date": "1988-08-25"}}, {"model": "sql_testapp.track", "pk": 29, "fields": {"artist": 3, "album": "...And Justice For All", "name": "Eye Of The Beholder", "release_date": "1988-08-25"}}, {"model": "sql_testapp.track", "pk": 30, "fields": {"artist": 3, "album": "...And Justice For All", "name": "One", "release_date": "1988-08-25"}}, {"model": "sql_testapp.track", "pk": 31, "fields": {"artist": 3, "album": "...And Justice For All", "name": "The Shortest Straw", "release_date": "1988-08-25"}}, {"model": "sql_testapp.track", "pk": 32, "fields": {"artist": 3, "album": "...And Justice For All", "name": "Harvester Of Sorrow", "release_date": "1988-08-25"}}, {"model": "sql_testapp.track", "pk": 33, "fields": {"artist": 3, "album": "...And Justice For All", "name": "The Frayed Ends Of Sanity", "release_date": "1988-08-25"}}, {"model": "sql_testapp.track", "pk": 34, "fields": {"artist": 3, "album": "...And Justice For All", "name": "To Live Is to Die", "release_date": "1988-08-25"}}, {"model": "sql_testapp.track", "pk": 35, "fields": {"artist": 3, "album": "...And Justice For All", "name": "Dyers Eve", "release_date": "1988-08-25"}}, {"model": "sql_testapp.track", "pk": 36, "fields": {"artist": 3, "album": "The Black Album", "name": "Enter Sandman", "release_date": "1991-08-12"}}, {"model": "sql_testapp.track", "pk": 37, "fields": {"artist": 3, "album": "The Black Album", "name": "Sad But True", "release_date": "1991-08-12"}}, {"model": "sql_testapp.track", "pk": 38, "fields": {"artist": 3, "album": "The Black Album", "name": "Holier Than Thou", "release_date": "1991-08-12"}}, {"model": "sql_testapp.track", "pk": 39, "fields": {"artist": 3, "album": "The Black Album", "name": "The Unforgiven", "release_date": "1991-08-12"}}, {"model": "sql_testapp.track", "pk": 40, "fields": {"artist": 3, "album": "The Black Album", "name": "Wherever I May Roam", "release_date": "1991-08-12"}}, {"model": "sql_testapp.track", "pk": 41, "fields": {"artist": 3, "album": "The Black Album", "name": "Don't Thread On Me", "release_date": "1991-08-12"}}, {"model": "sql_testapp.track", "pk": 42, "fields": {"artist": 3, "album": "The Black Album", "name": "Through The Never", "release_date": "1991-08-12"}}, {"model": "sql_testapp.track", "pk": 43, "fields": {"artist": 3, "album": "The Black Album", "name": "Nothing Else Matters", "release_date": "1991-08-12"}}, {"model": "sql_testapp.track", "pk": 44, "fields": {"artist": 3, "album": "The Black Album", "name": "Of Wolf And Man", "release_date": "1991-08-12"}}, {"model": "sql_testapp.track", "pk": 45, "fields": {"artist": 3, "album": "The Black Album", "name": "The God That Failed", "release_date": "1991-08-12"}}, {"model": "sql_testapp.track", "pk": 46, "fields": {"artist": 3, "album": "The Black Album", "name": "My Friend Of Misery", "release_date": "1991-08-12"}}, {"model": "sql_testapp.track", "pk": 47, "fields": {"artist": 3, "album": "The Black Album", "name": "The Struggle Within", "release_date": "1991-08-12"}}, {"model": "sql_testapp.track", "pk": 48, "fields": {"artist": 4, "album": "Born In The U.S.A.", "name": "Born In The U.S.A.", "release_date": "1984-06-04"}}, {"model": "sql_testapp.track", "pk": 49, "fields": {"artist": 4, "album": "Born In The U.S.A.", "name": "Cover Me", "release_date": "1984-06-04"}}, {"model": "sql_testapp.track", "pk": 50, "fields": {"artist": 4, "album": "Born In The U.S.A.", "name": "Darlington County", "release_date": "1984-06-04"}}, {"model": "sql_testapp.track", "pk": 51, "fields": {"artist": 4, "album": "Born In The U.S.A.", "name": "Walking On The Highway", "release_date": "1984-06-04"}}, {"model": "sql_testapp.track", "pk": 52, "fields": {"artist": 4, "album": "Born In The U.S.A.", "name": "Downbound Train", "release_date": "1984-06-04"}}, {"model": "sql_testapp.track", "pk": 53, "fields": {"artist": 4, "album": "Born In The U.S.A.", "name": "I'm On Fire", "release_date": "1984-06-04"}}, {"model": "sql_testapp.track", "pk": 54, "fields": {"artist": 4, "album": "Born In The U.S.A.", "name": "No Surrender", "release_date": "1984-06-04"}}, {"model": "sql_testapp.track", "pk": 55, "fields": {"artist": 4, "album": "Born In The U.S.A.", "name": "Bobby Jean", "release_date": "1984-06-04"}}, {"model": "sql_testapp.track", "pk": 56, "fields": {"artist": 4, "album": "Born In The U.S.A.", "name": "I'm Goin' Down", "release_date": "1984-06-04"}}, {"model": "sql_testapp.track", "pk": 57, "fields": {"artist": 4, "album": "Born In The U.S.A.", "name": "Glory Days", "release_date": "1984-06-04"}}, {"model": "sql_testapp.track", "pk": 58, "fields": {"artist": 4, "album": "Born In The U.S.A.", "name": "Dancing In The Dark", "release_date": "1984-06-04"}}, {"model": "sql_testapp.track", "pk": 59, "fields": {"artist": 4, "album": "Born In The U.S.A.", "name": "My Hometown", "release_date": "1984-06-04"}}, {"model": "sql_testapp.track", "pk": 60, "fields": {"artist": 4, "album": "Born To Run", "name": "Thunder Road", "release_date": "1975-08-25"}}, {"model": "sql_testapp.track", "pk": 61, "fields": {"artist": 4, "album": "Born To Run", "name": "Tenth Avenue Freeze-Out", "release_date": "1975-08-25"}}, {"model": "sql_testapp.track", "pk": 62, "fields": {"artist": 4, "album": "Born To Run", "name": "Night", "release_date": "1975-08-25"}}, {"model": "sql_testapp.track", "pk": 63, "fields": {"artist": 4, "album": "Born To Run", "name": "Backstreets", "release_date": "1975-08-25"}}, {"model": "sql_testapp.track", "pk": 64, "fields": {"artist": 4, "album": "Born To Run", "name": "Born To Run", "release_date": "1975-08-25"}}, {"model": "sql_testapp.track", "pk": 65, "fields": {"artist": 4, "album": "Born To Run", "name": "She's The One", "release_date": "1975-08-25"}}, {"model": "sql_testapp.track", "pk": 66, "fields": {"artist": 4, "album": "Born To Run", "name": "Meeting Across The River", "release_date": "1975-08-25"}}, {"model": "sql_testapp.track", "pk": 67, "fields": {"artist": 4, "album": "Born To Run", "name": "Jungleland", "release_date": "1975-08-25"}}, {"model": "sql_testapp.track", "pk": 68, "fields": {"artist": 5, "album": "Led Zeppelin", "name": "Good Times, Bad Times", "release_date": "1969-01-12"}}, {"model": "sql_testapp.track", "pk": 69, "fields": {"artist": 5, "album": "Led Zeppelin", "name": "Babe I'm Gonna Leave You", "release_date": "1969-01-12"}}, {"model": "sql_testapp.track", "pk": 70, "fields": {"artist": 5, "album": "Led Zeppelin", "name": "You Shook Me", "release_date": "1969-01-12"}}, {"model": "sql_testapp.track", "pk": 71, "fields": {"artist": 5, "album": "Led Zeppelin", "name": "Dazed And Confused", "release_date": "1969-01-12"}}, {"model": "sql_testapp.track", "pk": 72, "fields": {"artist": 5, "album": "Led Zeppelin", "name": "Your Time Is Gonna Come", "release_date": "1969-01-12"}}, {"model": "sql_testapp.track", "pk": 73, "fields": {"artist": 5, "album": "Led Zeppelin", "name": "Black Mountain Side", "release_date": "1969-01-12"}}, {"model": "sql_testapp.track", "pk": 74, "fields": {"artist": 5, "album": "Led Zeppelin", "name": "Communication Breakdown", "release_date": "1969-01-12"}}, {"model": "sql_testapp.track", "pk": 75, "fields": {"artist": 5, "album": "Led Zeppelin", "name": "I Can't Quit You Baby", "release_date": "1969-01-12"}}, {"model": "sql_testapp.track", "pk": 76, "fields": {"artist": 5, "album": "Led Zeppelin II", "name": "Whole Lotta Love", "release_date": "1969-10-22"}}, {"model": "sql_testapp.track", "pk": 77, "fields": {"artist": 5, "album": "Led Zeppelin II", "name": "What Is And What Should Never Be", "release_date": "1969-10-22"}}, {"model": "sql_testapp.track", "pk": 78, "fields": {"artist": 5, "album": "Led Zeppelin II", "name": "The Lemon Song", "release_date": "1969-10-22"}}, {"model": "sql_testapp.track", "pk": 79, "fields": {"artist": 5, "album": "Led Zeppelin II", "name": "Thank You", "release_date": "1969-10-22"}}, {"model": "sql_testapp.track", "pk": 80, "fields": {"artist": 5, "album": "Led Zeppelin II", "name": "Heartbreaker", "release_date": "1969-10-22"}}, {"model": "sql_testapp.track", "pk": 81, "fields": {"artist": 5, "album": "Led Zeppelin II", "name": "Living Lovin' Maid (She's Just A Woman)", "release_date": "1969-10-22"}}, {"model": "sql_testapp.track", "pk": 82, "fields": {"artist": 5, "album": "Led Zeppelin II", "name": "Ramble On", "release_date": "1969-10-22"}}, {"model": "sql_testapp.track", "pk": 83, "fields": {"artist": 5, "album": "Led Zeppelin II", "name": "Moby Dick", "release_date": "1969-10-22"}}, {"model": "sql_testapp.track", "pk": 84, "fields": {"artist": 5, "album": "Led Zeppelin II", "name": "Bring It On Home", "release_date": "1969-10-22"}}, {"model": "sql_testapp.track", "pk": 85, "fields": {"artist": 5, "album": "Houses Of The Holy", "name": "The Song Remains The Same", "release_date": "1973-03-26"}}, {"model": "sql_testapp.track", "pk": 86, "fields": {"artist": 5, "album": "Houses Of The Holy", "name": "The Rain Song", "release_date": "1973-03-26"}}, {"model": "sql_testapp.track", "pk": 87, "fields": {"artist": 5, "album": "Houses Of The Holy", "name": "Over The Hills And Far Away", "release_date": "1973-03-26"}}, {"model": "sql_testapp.track", "pk": 88, "fields": {"artist": 5, "album": "Houses Of The Holy", "name": "The Crunge", "release_date": "1973-03-26"}}, {"model": "sql_testapp.track", "pk": 89, "fields": {"artist": 5, "album": "Houses Of The Holy", "name": "Dancing Days", "release_date": "1973-03-26"}}, {"model": "sql_testapp.track", "pk": 90, "fields": {"artist": 5, "album": "Houses Of The Holy", "name": "D'yer Mak'er", "release_date": "1973-03-26"}}, {"model": "sql_testapp.track", "pk": 91, "fields": {"artist": 5, "album": "Houses Of The Holy", "name": "No Quarter", "release_date": "1973-03-26"}}, {"model": "sql_testapp.track", "pk": 92, "fields": {"artist": 5, "album": "Houses Of The Holy", "name": "The Ocean", "release_date": "1973-03-26"}}, {"model": "sql_testapp.track", "pk": 93, "fields": {"artist": 6, "album": "Burnin'", "name": "Get Up, Stand Up", "release_date": "1973-10-19"}}, {"model": "sql_testapp.track", "pk": 94, "fields": {"artist": 6, "album": "Burnin'", "name": "Hallelujah Time", "release_date": "1973-10-19"}}, {"model": "sql_testapp.track", "pk": 95, "fields": {"artist": 6, "album": "Burnin'", "name": "I Shot The Sheriff", "release_date": "1973-10-19"}}, {"model": "sql_testapp.track", "pk": 96, "fields": {"artist": 6, "album": "Burnin'", "name": "Burnin' and Lootin'", "release_date": "1973-10-19"}}, {"model": "sql_testapp.track", "pk": 97, "fields": {"artist": 6, "album": "Burnin'", "name": "Put It On", "release_date": "1973-10-19"}}, {"model": "sql_testapp.track", "pk": 98, "fields": {"artist": 6, "album": "Burnin'", "name": "Small Axe", "release_date": "1973-10-19"}}, {"model": "sql_testapp.track", "pk": 99, "fields": {"artist": 6, "album": "Burnin'", "name": "Pass It On", "release_date": "1973-10-19"}}, {"model": "sql_testapp.track", "pk": 100, "fields": {"artist": 6, "album": "Burnin'", "name": "Duppy Conqueror", "release_date": "1973-10-19"}}, {"model": "sql_testapp.track", "pk": 101, "fields": {"artist": 6, "album": "Burnin'", "name": "One Foundation", "release_date": "1973-10-19"}}, {"model": "sql_testapp.track", "pk": 102, "fields": {"artist": 6, "album": "Burnin'", "name": "Rastaman Chant", "release_date": "1973-10-19"}}, {"model": "sql_testapp.track", "pk": 103, "fields": {"artist": 6, "album": "Natty Dread", "name": "Lively Up Yourself", "release_date": "1974-10-25"}}, {"model": "sql_testapp.track", "pk": 104, "fields": {"artist": 6, "album": "Natty Dread", "name": "No Woman,  No Cry", "release_date": "1974-10-25"}}, {"model": "sql_testapp.track", "pk": 105, "fields": {"artist": 6, "album": "Natty Dread", "name": "Them Belly Hung (But We Hungry)", "release_date": "1974-10-25"}}, {"model": "sql_testapp.track", "pk": 106, "fields": {"artist": 6, "album": "Natty Dread", "name": "Rebel Music (3 O'Clock Roadblock)", "release_date": "1974-10-25"}}, {"model": "sql_testapp.track", "pk": 107, "fields": {"artist": 6, "album": "Natty Dread", "name": "So Jah Seh", "release_date": "1974-10-25"}}, {"model": "sql_testapp.track", "pk": 108, "fields": {"artist": 6, "album": "Natty Dread", "name": "Natty Dread", "release_date": "1974-10-25"}}, {"model": "sql_testapp.track", "pk": 109, "fields": {"artist": 6, "album": "Natty Dread", "name": "Bend Down Low", "release_date": "1974-10-25"}}, {"model": "sql_testapp.track", "pk": 110, "fields": {"artist": 6, "album": "Natty Dread", "name": "Talkin' Blues", "release_date": "1974-10-25"}}, {"model": "sql_testapp.track", "pk": 111, "fields": {"artist": 6, "album": "Natty Dread", "name": "Revolution", "release_date": "1974-10-25"}}, {"model": "sql_testapp.track", "pk": 112, "fields": {"artist": 7, "album": "London Calling", "name": "London Calling", "release_date": "1979-12-14"}}, {"model": "sql_testapp.track", "pk": 113, "fields": {"artist": 7, "album": "London Calling", "name": "Brand New Cadillac", "release_date": "1979-12-14"}}, {"model": "sql_testapp.track", "pk": 114, "fields": {"artist": 7, "album": "London Calling", "name": "Jimmy Jazz", "release_date": "1979-12-14"}}, {"model": "sql_testapp.track", "pk": 115, "fields": {"artist": 7, "album": "London Calling", "name": "Hateful", "release_date": "1979-12-14"}}, {"model": "sql_testapp.track", "pk": 116, "fields": {"artist": 7, "album": "London Calling", "name": "Rudie Can't Fail", "release_date": "1979-12-14"}}, {"model": "sql_testapp.track", "pk": 117, "fields": {"artist": 7, "album": "London Calling", "name": "Spanish Bombs", "release_date": "1979-12-14"}}, {"model": "sql_testapp.track", "pk": 118, "fields": {"artist": 7, "album": "London Calling", "name": "The Right Profile", "release_date": "1979-12-14"}}, {"model": "sql_testapp.track", "pk": 119, "fields": {"artist": 7, "album": "London Calling", "name": "Lost In The Supermarket", "release_date": "1979-12-14"}}, {"model": "sql_testapp.track", "pk": 120, "fields": {"artist": 7, "album": "London Calling", "name": "Clampdown", "release_date": "1979-12-14"}}, {"model": "sql_testapp.track", "pk": 121, "fields": {"artist": 7, "album": "London Calling", "name": "The Guns Of Brixton", "release_date": "1979-12-14"}}, {"model": "sql_testapp.track", "pk": 122, "fields": {"artist": 7, "album": "London Calling", "name": "Wrong 'Em Boyo", "release_date": "1979-12-14"}}, {"model": "sql_testapp.track", "pk": 123, "fields": {"artist": 7, "album": "London Calling", "name": "Death Or Glory", "release_date": "1979-12-14"}}, {"model": "sql_testapp.track", "pk": 124, "fields": {"artist": 7, "album": "London Calling", "name": "Koka Kola", "release_date": "1979-12-14"}}, {"model": "sql_testapp.track", "pk": 125, "fields": {"artist": 7, "album": "London Calling", "name": "The Card Cheat", "release_date": "1979-12-14"}}, {"model": "sql_testapp.track", "pk": 126, "fields": {"artist": 7, "album": "London Calling", "name": "Lover's Rock", "release_date": "1979-12-14"}}, {"model": "sql_testapp.track", "pk": 127, "fields": {"artist": 7, "album": "London Calling", "name": "Four Horsemen", "release_date": "1979-12-14"}}, {"model": "sql_testapp.track", "pk": 128, "fields": {"artist": 7, "album": "London Calling", "name": "I'm Not Down", "release_date": "1979-12-14"}}, {"model": "sql_testapp.track", "pk": 129, "fields": {"artist": 7, "album": "London Calling", "name": "Revolution Rock", "release_date": "1979-12-14"}}, {"model": "sql_testapp.track", "pk": 130, "fields": {"artist": 7, "album": "London Calling", "name": "Train In Vain", "release_date": "1979-12-14"}}, {"model": "sql_testapp.track", "pk": 131, "fields": {"artist": 8, "album": "The Ramones", "name": "Blitzkrieg Bop", "release_date": "1976-04-23"}}, {"model": "sql_testapp.track", "pk": 132, "fields": {"artist": 8, "album": "The Ramones", "name": "Beat on the Brat", "release_date": "1976-04-23"}}, {"model": "sql_testapp.track", "pk": 133, "fields": {"artist": 8, "album": "The Ramones", "name": "Judy Is a Punk", "release_date": "1976-04-23"}}, {"model": "sql_testapp.track", "pk": 134, "fields": {"artist": 8, "album": "The Ramones", "name": "I Wanna Be Your Boyfriend", "release_date": "1976-04-23"}}, {"model": "sql_testapp.track", "pk": 135, "fields": {"artist": 8, "album": "The Ramones", "name": "Chain Saw", "release_date": "1976-04-23"}}, {"model": "sql_testapp.track", "pk": 136, "fields": {"artist": 8, "album": "The Ramones", "name": "Now I Wanna Sniff Some Glue", "release_date": "1976-04-23"}}, {"model": "sql_testapp.track", "pk": 137, "fields": {"artist": 8, "album": "The Ramones", "name": "I Don't Wanna Go Down to the Basement", "release_date": "1976-04-23"}}, {"model": "sql_testapp.track", "pk": 138, "fields": {"artist": 8, "album": "The Ramones", "name": "Loudmouth", "release_date": "1976-04-23"}}, {"model": "sql_testapp.track", "pk": 139, "fields": {"artist": 8, "album": "The Ramones", "name": "Havana Affair", "release_date": "1976-04-23"}}, {"model": "sql_testapp.track", "pk": 140, "fields": {"artist": 8, "album": "The Ramones", "name": "Listen to My Heart", "release_date": "1976-04-23"}}, {"model": "sql_testapp.track", "pk": 141, "fields": {"artist": 8, "album": "The Ramones", "name": "53rd & 3rd", "release_date": "1976-04-23"}}, {"model": "sql_testapp.track", "pk": 142, "fields": {"artist": 8, "album": "The Ramones", "name": "Let's Dance", "release_date": "1976-04-23"}}, {"model": "sql_testapp.track", "pk": 143, "fields": {"artist": 8, "album": "The Ramones", "name": "I Don't Wanna Walk Around with You", "release_date": "1976-04-23"}}, {"model": "sql_testapp.track", "pk": 144, "fields": {"artist": 8, "album": "The Ramones", "name": "Today Your Love, Tomorrow the World", "release_date": "1976-04-23"}}, {"model": "sql_testapp.track", "pk": 145, "fields": {"artist": 9, "album": "Definitely Maybe", "name": "Rock N' Roll Star", "release_date": "1994-08-29"}}, {"model": "sql_testapp.track", "pk": 146, "fields": {"artist": 9, "album": "Definitely Maybe", "name": "Shakermaker", "release_date": "1994-08-29"}}, {"model": "sql_testapp.track", "pk": 147, "fields": {"artist": 9, "album": "Definitely Maybe", "name": "Live Forever", "release_date": "1994-08-29"}}, {"model": "sql_testapp.track", "pk": 148, "fields": {"artist": 9, "album": "Definitely Maybe", "name": "Up in the Sky", "release_date": "1994-08-29"}}, {"model": "sql_testapp.track", "pk": 149, "fields": {"artist": 9, "album": "Definitely Maybe", "name": "Columbia", "release_date": "1994-08-29"}}, {"model": "sql_testapp.track", "pk": 150, "fields": {"artist": 9, "album": "Definitely Maybe", "name": "Supersonic", "release_date": "1994-08-29"}}, {"model": "sql_testapp.track", "pk": 151, "fields": {"artist": 9, "album": "Definitely Maybe", "name": "Bring It On Down", "release_date": "1994-08-29"}}, {"model": "sql_testapp.track", "pk": 152, "fields": {"artist": 9, "album": "Definitely Maybe", "name": "Cigarettes & Alcohol", "release_date": "1994-08-29"}}, {"model": "sql_testapp.track", "pk": 153, "fields": {"artist": 9, "album": "Definitely Maybe", "name": "Digsy's Dinner", "release_date": "1994-08-29"}}, {"model": "sql_testapp.track", "pk": 154, "fields": {"artist": 9, "album": "Definitely Maybe", "name": "Slide Away", "release_date": "1994-08-29"}}, {"model": "sql_testapp.track", "pk": 155, "fields": {"artist": 9, "album": "Definitely Maybe", "name": "Married With Children", "release_date": "1994-08-29"}}, {"model": "sql_testapp.track", "pk": 156, "fields": {"artist": 10, "album": "Live And Dangerous", "name": "Jailbreak", "release_date": "1978-06-02"}}, {"model": "sql_testapp.track", "pk": 157, "fields": {"artist": 10, "album": "Live And Dangerous", "name": "Emerald", "release_date": "1978-06-02"}}, {"model": "sql_testapp.track", "pk": 158, "fields": {"artist": 10, "album": "Live And Dangerous", "name": "Southbound", "release_date": "1978-06-02"}}, {"model": "sql_testapp.track", "pk": 159, "fields": {"artist": 10, "album": "Live And Dangerous", "name": "Rosalie/Cowgirl's Song", "release_date": "1978-06-02"}}, {"model": "sql_testapp.track", "pk": 160, "fields": {"artist": 10, "album": "Live And Dangerous", "name": "Dancing in the Moonlight (It's Caught Me in Its Spotlight)", "release_date": "1978-06-02"}}, {"model": "sql_testapp.track", "pk": 161, "fields": {"artist": 10, "album": "Live And Dangerous", "name": "Massacre", "release_date": "1978-06-02"}}, {"model": "sql_testapp.track", "pk": 162, "fields": {"artist": 10, "album": "Live And Dangerous", "name": "Still in Love with You", "release_date": "1978-06-02"}}, {"model": "sql_testapp.track", "pk": 163, "fields": {"artist": 10, "album": "Live And Dangerous", "name": "Johnny the Fox Meets Jimmy the Weed", "release_date": "1978-06-02"}}, {"model": "sql_testapp.track", "pk": 164, "fields": {"artist": 10, "album": "Live And Dangerous", "name": "Cowboy Song", "release_date": "1978-06-02"}}, {"model": "sql_testapp.track", "pk": 165, "fields": {"artist": 10, "album": "Live And Dangerous", "name": "The Boys Are Back In Town", "release_date": "1978-06-02"}}, {"model": "sql_testapp.track", "pk": 166, "fields": {"artist": 10, "album": "Live And Dangerous", "name": "Don't Believe a Word", "release_date": "1978-06-02"}}, {"model": "sql_testapp.track", "pk": 167, "fields": {"artist": 10, "album": "Live And Dangerous", "name": "Warriors", "release_date": "1978-06-02"}}, {"model": "sql_testapp.track", "pk": 168, "fields": {"artist": 10, "album": "Live And Dangerous", "name": "Are You Ready?", "release_date": "1978-06-02"}}, {"model": "sql_testapp.track", "pk": 169, "fields": {"artist": 10, "album": "Live And Dangerous", "name": "Suicide", "release_date": "1978-06-02"}}, {"model": "sql_testapp.track", "pk": 170, "fields": {"artist": 10, "album": "Live And Dangerous", "name": "Sha La La", "release_date": "1978-06-02"}}, {"model": "sql_testapp.track", "pk": 171, "fields": {"artist": 10, "album": "Live And Dangerous", "name": "Baby Drives Me Crazy", "release_date": "1978-06-02"}}, {"model": "sql_testapp.track", "pk": 172, "fields": {"artist": 10, "album": "Live And Dangerous", "name": "The Rocker", "release_date": "1978-06-02"}}, {"model": "sql_testapp.track", "pk": 173, "fields": {"artist": 11, "album": "Jailbreak", "name": "Jailbreak", "release_date": "1976-03-26"}}, {"model": "sql_testapp.track", "pk": 174, "fields": {"artist": 11, "album": "Jailbreak", "name": "Angel from the Coast", "release_date": "1976-03-26"}}, {"model": "sql_testapp.track", "pk": 175, "fields": {"artist": 11, "album": "Jailbreak", "name": "Running Back", "release_date": "1976-03-26"}}, {"model": "sql_testapp.track", "pk": 176, "fields": {"artist": 11, "album": "Jailbreak", "name": "Romeo And The Lonely Girl", "release_date": "1976-03-26"}}, {"model": "sql_testapp.track", "pk": 177, "fields": {"artist": 11, "album": "Jailbreak", "name": "Warriors", "release_date": "1976-03-26"}}, {"model": "sql_testapp.track", "pk": 178, "fields": {"artist": 11, "album": "Jailbreak", "name": "The Boys Are Back In Town", "release_date": "1976-03-26"}}, {"model": "sql_testapp.track", "pk": 179, "fields": {"artist": 11, "album": "Jailbreak", "name": "Fight Or Fall", "release_date": "1976-03-26"}}, {"model": "sql_testapp.track", "pk": 180, "fields": {"artist": 11, "album": "Jailbreak", "name": "Cowboy Song", "release_date": "1976-03-26"}}, {"model": "sql_testapp.track", "pk": 181, "fields": {"artist": 11, "album": "Jailbreak", "name": "Emerald", "release_date": "1976-03-26"}}, {"model": "sql_testapp.track", "pk": 182, "fields": {"artist": 12, "album": "(What's the Story)", "name": "Hello", "release_date": "1995-10-02"}}, {"model": "sql_testapp.track", "pk": 183, "fields": {"artist": 12, "album": "(What's the Story)", "name": "Roll With It", "release_date": "1995-10-02"}}, {"model": "sql_testapp.track", "pk": 184, "fields": {"artist": 12, "album": "(What's the Story)", "name": "Wonderwall", "release_date": "1995-10-02"}}, {"model": "sql_testapp.track", "pk": 185, "fields": {"artist": 12, "album": "(What's the Story)", "name": "Don't Look Back In Anger", "release_date": "1995-10-02"}}, {"model": "sql_testapp.track", "pk": 186, "fields": {"artist": 12, "album": "(What's the Story)", "name": "Hey Now!", "release_date": "1995-10-02"}}, {"model": "sql_testapp.track", "pk": 187, "fields": {"artist": 12, "album": "(What's the Story)", "name": "Untitled", "release_date": "1995-10-02"}}, {"model": "sql_testapp.track", "pk": 188, "fields": {"artist": 12, "album": "(What's the Story)", "name": "Some Might Say", "release_date": "1995-10-02"}}, {"model": "sql_testapp.track", "pk": 189, "fields": {"artist": 12, "album": "(What's the Story)", "name": "Cast No Shadow", "release_date": "1995-10-02"}}, {"model": "sql_testapp.track", "pk": 190, "fields": {"artist": 12, "album": "(What's the Story)", "name": "She's Electric", "release_date": "1995-10-02"}}, {"model": "sql_testapp.track", "pk": 191, "fields": {"artist": 12, "album": "(What's the Story)", "name": "Morning Glory", "release_date": "1995-10-02"}}, {"model": "sql_testapp.track", "pk": 192, "fields": {"artist": 12, "album": "(What's the Story)", "name": "Untitled", "release_date": "1995-10-02"}}, {"model": "sql_testapp.track", "pk": 193, "fields": {"artist": 12, "album": "(What's the Story)", "name": "Champagne Supernova", "release_date": "1995-10-02"}}, {"model": "sql_testapp.track", "pk": 194, "fields": {"artist": 1, "album": "Achtung Baby", "name": "The Fly", "release_date": "1991-11-19"}}, {"model": "sql_testapp.track", "pk": 195, "fields": {"artist": 1, "album": "Achtung Baby", "name": "Mysterious Ways", "release_date": "1991-11-19"}}, {"model": "sql_testapp.track", "pk": 196, "fields": {"artist": 1, "album": "Achtung Baby", "name": "Tryin' To Throw Your Arms Around The World", "release_date": "1991-11-19"}}, {"model": "sql_testapp.track", "pk": 197, "fields": {"artist": 1, "album": "Achtung Baby", "name": "Ultraviolet (Light My Way)", "release_date": "1991-11-19"}}, {"model": "sql_testapp.track", "pk": 198, "fields": {"artist": 1, "album": "Achtung Baby", "name": "Acrobat", "release_date": "1991-11-19"}}, {"model": "sql_testapp.track", "pk": 199, "fields": {"artist": 1, "album": "Achtung Baby", "name": "Love Is Blindness", "release_date": "1991-11-19"}}, {"model": "sql_testapp.track", "pk": 200, "fields": {"artist": 1, "album": "Rattle And Hum", "name": "Helter Skelter", "release_date": "1988-10-10"}}, {"model": "sql_testapp.track", "pk": 201, "fields": {"artist": 1, "album": "Rattle And Hum", "name": "Van Diemen's Land", "release_date": "1988-10-10"}}, {"model": "sql_testapp.track", "pk": 202, "fields": {"artist": 1, "album": "Rattle And Hum", "name": "Desire", "release_date": "1988-10-10"}}, {"model": "sql_testapp.track", "pk": 203, "fields": {"artist": 1, "album": "Rattle And Hum", "name": "Hawkmoon 269", "release_date": "1988-10-10"}}, {"model": "sql_testapp.track", "pk": 204, "fields": {"artist": 1, "album": "Rattle And Hum", "name": "All Along The Watchtower", "release_date": "1988-10-10"}}, {"model": "sql_testapp.track", "pk": 205, "fields": {"artist": 1, "album": "Rattle And Hum", "name": "I Still Haven't Found What I'm Looking For", "release_date": "1988-10-10"}}, {"model": "sql_testapp.track", "pk": 206, "fields": {"artist": 1, "album": "Rattle And Hum", "name": "Freedom For My People", "release_date": "1988-10-10"}}, {"model": "sql_testapp.track", "pk": 207, "fields": {"artist": 1, "album": "Rattle And Hum", "name": "Silver And Gold", "release_date": "1988-10-10"}}, {"model": "sql_testapp.track", "pk": 208, "fields": {"artist": 1, "album": "Rattle And Hum", "name": "Pride (In The Name Of Love)", "release_date": "1988-10-10"}}, {"model": "sql_testapp.track", "pk": 209, "fields": {"artist": 1, "album": "Rattle And Hum", "name": "Angel Of Harlem", "release_date": "1988-10-10"}}, {"model": "sql_testapp.track", "pk": 210, "fields": {"artist": 1, "album": "Rattle And Hum", "name": "Love Rescue Me", "release_date": "1988-10-10"}}, {"model": "sql_testapp.track", "pk": 211, "fields": {"artist": 1, "album": "Rattle And Hum", "name": "When Love Comes To Town", "release_date": "1988-10-10"}}, {"model": "sql_testapp.track", "pk": 212, "fields": {"artist": 1, "album": "Rattle And Hum", "name": "Heartland", "release_date": "1988-10-10"}}, {"model": "sql_testapp.track", "pk": 213, "fields": {"artist": 1, "album": "Rattle And Hum", "name": "God Part II", "release_date": "1988-10-10"}}, {"model": "sql_testapp.track", "pk": 214, "fields": {"artist": 1, "album": "Rattle And Hum", "name": "The Star Spangled Banner", "release_date": "1988-10-10"}}, {"model": "sql_testapp.track", "pk": 215, "fields": {"artist": 1, "album": "Rattle And Hum", "name": "Bullet The Blue Sky", "release_date": "1988-10-10"}}, {"model": "sql_testapp.track", "pk": 216, "fields": {"artist": 1, "album": "Rattle And Hum", "name": "All I Want Is You", "release_date": "1988-10-10"}}, {"model": "sql_testapp.playlist", "pk": 1, "fields": {"name": "Playlist 1", "rating": 7, "added": "2016-03-14T00:38:06.525Z", "tracks": [1, 2, 8, 25, 48, 50, 60, 61, 73, 84, 87, 104, 107, 108]}}, {"model": "sql_testapp.playlist", "pk": 2, "fields": {"name": "Playlist 2", "rating": 9, "added": "2016-03-14T00:38:30.515Z", "tracks": [1, 2, 9, 18, 20, 33, 35, 36, 37, 49, 50, 53, 54, 56]}}, {"model": "sql_testapp.playlist", "pk": 3, "fields": {"name": "Playlist 3", "rating": 8, "added": "2016-03-14T00:38:57.867Z", "tracks": [1, 47, 52, 63, 79, 81, 88, 89, 90, 92, 103, 110]}}, {"model": "sql_testapp.playlist", "pk": 4, "fields": {"name": "Punk", "rating": 9, "added": "2016-03-14T13:52:47.447Z", "tracks": [112, 113, 114, 115, 116, 117, 118, 119, 120, 121, 122, 123, 124, 125, 126, 127, 128, 129, 130, 131, 132, 133, 134, 135, 136, 137, 138, 139, 140, 141, 142, 143, 144]}}, {"model": "sql_testapp.playlist", "pk": 5, "fields": {"name": "U2", "rating": 7, "added": "2016-03-14T16:36:30.707Z", "tracks": [1, 2, 3, 4, 5, 6, 7, 8, 9, 10, 11, 12, 13, 14, 15, 16, 17, 194, 195, 196, 197, 198, 199, 200, 201, 202, 203, 204, 205, 206, 207, 208, 209, 210, 211, 212, 213, 214, 215, 216]}}]